{"custom_trains":
{
"class211_nagano":
{"name":"JR 211 Series (Nagano livery)",
"description":"JR 211 Series (Nagano livery)",
"wikipedia_article":"",
"color":"89c2f1",
"gangway_connection_id":"mtr:srtgangway/srtgangway",
"train_barrier_id":"",
"door_animation_type":"STANDARD",
"render_door_overlay":false,
"rider_offset":0.2,
"speed_sound_count": 115,
			"door_sound_base_id": "m_train",
			"speed_sound_base_id": "mlr",
"texture_id":"mtr:class_211/class211_mc",
"model": "mtr:class_211/class211_mc.obj|1;%1;|mtr:class_211/class211_m.obj|;1,-1;|mtr:class_211/class211_mc.obj|-1;%1,1;reversed",
"model_properties":"mtr:class_211/class211_mc.json"},
"class211_shonan":
{"name":"JR 211 Series (Shonan livery)",
"description":"JR 211 Series (Shonan livery)",
"wikipedia_article":"",
"color":"f57800",
"gangway_connection_id":"mtr:srtgangway/srtgangway",
"train_barrier_id":"",
"door_animation_type":"STANDARD",
"render_door_overlay":false,
"rider_offset":0.2,
"speed_sound_count": 115,
			"door_sound_base_id": "m_train",
			"speed_sound_base_id": "mlr",
"texture_id":"mtr:class_211/class211_mc",
"model": "mtr:class_211/class211_shonan_mc.obj|1;%1;|mtr:class_211/class211_shonan_m.obj|;1,-1;|mtr:class_211/class211_shonan_mc.obj|-1;%1,1;reversed",
"model_properties":"mtr:class_211/class211_mc.json"},
"class211_chiba":
{"name":"JR 211 Series (Chiba livery)",
"description":"JR 211 Series (Chiba livery)",
"wikipedia_article":"",
"color":"f8ca00",
"gangway_connection_id":"mtr:srtgangway/srtgangway",
"train_barrier_id":"",
"door_animation_type":"STANDARD",
"render_door_overlay":false,
"rider_offset":0.2,
"speed_sound_count": 115,
			"door_sound_base_id": "m_train",
			"speed_sound_base_id": "mlr",
"texture_id":"mtr:class_211/class211_mc",
"model": "mtr:class_211/class211_chiba_mc.obj|1;%1;|mtr:class_211/class211_chiba_m.obj|;1,-1;|mtr:class_211/class211_chiba_mc.obj|-1;%1,1;reversed",
"model_properties":"mtr:class_211/class211_mc.json"},
"class415_1500":
{"name":"JR 415 Series (Kyushu livery)",
"description":"JR 415 Series (Kyushu livery)",
"wikipedia_article":"",
"color":"0d82cf",
"gangway_connection_id":"mtr:srtgangway/srtgangway",
"train_barrier_id":"",
"door_animation_type":"STANDARD",
"render_door_overlay":false,
"rider_offset":0.2,
"speed_sound_count": 115,
			"door_sound_base_id": "m_train",
			"speed_sound_base_id": "mlr",
"texture_id":"mtr:class_211/class211_mc",
"model": "mtr:class_211/class211_415_mc.obj|1;%1;|mtr:class_211/class211_415_m.obj|;1,-1;|mtr:class_211/class211_415_mc.obj|-1;%1,1;reversed",
"model_properties":"mtr:class_211/class211_mc.json"},
"class203_srt_joban_freelength":
{"name":"JR 203 Series (Joban livery Freelength)",
"description":"JR 203 Series (Joban livery)",
"wikipedia_article":"",
"color":"2f9898",
"gangway_connection_id":"mtr:srtgangway/srtgangway",
"train_barrier_id":"",
"door_animation_type":"STANDARD",
"render_door_overlay":false,
"rider_offset":0.2,
"speed_sound_count": 115,
			"door_sound_base_id": "m_train",
			"speed_sound_base_id": "mlr",
"texture_id":"mtr:class_203_srt/class203_srt",
"model": "mtr:class_203_srt/class203_srt_tc.obj|1;%1;|mtr:class_203_srt/class203_srt_p.obj|;1,-1;|mtr:class_203_srt/class203_srt_tc.obj|-1;%1,1;reversed",
"model_properties":"mtr:class_203_srt/class203_srt.json"},
"class203_srt_joban":
{"name":"JR 203 Series (Joban livery 10 car)",
"description":"JR 203 Series (Joban livery)",
"wikipedia_article":"",
"color":"2f9898",
"gangway_connection_id":"mtr:srtgangway/srtgangway",
"train_barrier_id":"",
"door_animation_type":"STANDARD",
"render_door_overlay":false,
"rider_offset":0.2,
"speed_sound_count": 115,
			"door_sound_base_id": "m_train",
			"speed_sound_base_id": "mlr",
"texture_id":"mtr:class_203_srt/class203_srt",
"model": "mtr:class_203_srt/class203_srt_tc.obj|1;%1;|mtr:class_203_srt/class203_srt_m.obj|;1,-1,3,5,9;|mtr:class_203_srt/class203_srt_p.obj|3,5,9;1,-1,2,4,6,7,8;|mtr:class_203_srt/class203_srt_tc.obj|-1;%1,1;reversed",
"model_properties":"mtr:class_203_srt/class203_srt.json"},
"class_e231500_srt_yamanote":
{"name":"JR e231 Series 500 (Yamanote Line)",
"description":"JR e231 Series 500 (Yamanote Line)",
"wikipedia_article":"",
"color":"7ebb2e",
"gangway_connection_id":"mtr:srtgangway/srtgangway",
"train_barrier_id":"",
"door_animation_type":"STANDARD",
"render_door_overlay":false,
"rider_offset":0.2,
"speed_sound_count": 117,
			"speed_sound_base_id":"sp1900",
			"door_sound_base_id":"sp1900",
"texture_id":"mtr:class_e231500_srt/class_e231500_srt",
"model": "mtr:class_e231500_srt/class_e231500_tc.obj|1;%1;|mtr:class_e231500_srt/class_e231500_t.obj|;1,-1,3,6,9;|mtr:class_e231500_srt/class_e231500_m.obj|3,6,9;1,-1,2,4,5,7,8;|mtr:class_e231500_srt/class_e231500_tc.obj|-1;%1,1;reversed",
"model_properties":"mtr:class_e231500_srt/class_e231500_srt.json"},
"class_e231500_srt_yamanote_fr":
{"name":"JR e231 Series 500 (Yamanote Line Freelength)",
"description":"JR e231 Series 500 (Yamanote Line)",
"wikipedia_article":"",
"color":"7ebb2e",
"gangway_connection_id":"mtr:srtgangway/srtgangway",
"train_barrier_id":"",
"door_animation_type":"STANDARD",
"render_door_overlay":false,
"rider_offset":0.2,
"speed_sound_count": 117,
			"speed_sound_base_id":"sp1900",
			"door_sound_base_id":"sp1900",
"texture_id":"mtr:class_e231500_srt/class_e231500_srt",
"model": "mtr:class_e231500_srt/class_e231500_tc.obj|1;%1;|mtr:class_e231500_srt/class_e231500_m.obj|;1,-1;|mtr:class_e231500_srt/class_e231500_tc.obj|-1;%1,1;reversed",
"model_properties":"mtr:class_e231500_srt/class_e231500_srt.json"},
"class_e231500_srt_chuosobu":
{"name":"JR e231 Series 500 (Chuo Sobu Line)",
"description":"JR e231 Series 500 (Chuo Sobu Line)",
"wikipedia_article":"",
"color":"fac030",
"gangway_connection_id":"mtr:srtgangway/srtgangway",
"train_barrier_id":"",
"door_animation_type":"STANDARD",
"render_door_overlay":false,
"rider_offset":0.2,
"speed_sound_count": 117,
			"speed_sound_base_id":"sp1900",
			"door_sound_base_id":"sp1900",
"texture_id":"mtr:class_e231500_srt/class_e231500_srt",
"model": "mtr:class_e231500_srt/class_e231500sobu_tc.obj|1;%1;|mtr:class_e231500_srt/class_e231500sobu_t.obj|;1,-1,3,6,9;|mtr:class_e231500_srt/class_e231500sobu_m.obj|3,6,9;1,-1,2,4,5,7,8;|mtr:class_e231500_srt/class_e231500sobu_tc.obj|-1;%1,1;reversed",
"model_properties":"mtr:class_e231500_srt/class_e231500_srt.json"},
"class_e231500_srt_chuosobu_fr":
{"name":"JR e231 Series 500 (Chuo Sobu Line Freelength)",
"description":"JR e231 Series 500 (Chuo Sobu Line)",
"wikipedia_article":"",
"color":"fac030",
"gangway_connection_id":"mtr:srtgangway/srtgangway",
"train_barrier_id":"",
"door_animation_type":"STANDARD",
"render_door_overlay":false,
"rider_offset":0.2,
"speed_sound_count": 117,
			"speed_sound_base_id":"sp1900",
			"door_sound_base_id":"sp1900",
"texture_id":"mtr:class_e231500_srt/class_e231500_srt",
"model": "mtr:class_e231500_srt/class_e231500sobu_tc.obj|1;%1;|mtr:class_e231500_srt/class_e231500sobu_m.obj|;1,-1;|mtr:class_e231500_srt/class_e231500sobu_tc.obj|-1;%1,1;reversed",
"model_properties":"mtr:class_e231500_srt/class_e231500_srt.json"},
"kiha54_srt_hokkaido":{
"name":"Kiha 54 (JR Hokkaido)",
"description":"Kiha 54 500 series is a diesel railcar operating in the Hokkaido region.",
"wikipedia_article":"",
"color":"ea2731",
"has_gangway_connection": false,
"train_barrier_id":"",
"door_animation_type":"STANDARD",
"render_door_overlay":false,
"rider_offset":0.2,
"texture_id":"mtr:kiha54_srt/kiha54_srt",
"model":"mtr:kiha54_srt/kiha54_srt.obj",
"model_properties":"mtr:kiha54_srt/kiha54_srt.json",
"speed_sound_count": 115,
			"door_sound_base_id": "m_train",
			"speed_sound_base_id": "m_train"
},
"kiha54_srt_blue":{
"name":"Kiha 54 (Ryuhyo Monogatari livery)",
"description":"Kiha 54 500 series is a diesel railcar operating in the Hokkaido region.",
"wikipedia_article":"",
"color":"63b4ef",
"has_gangway_connection": false,
"train_barrier_id":"",
"door_animation_type":"STANDARD",
"render_door_overlay":false,
"rider_offset":0.2,
"texture_id":"mtr:kiha54_srt/kiha54_srt",
"model":"mtr:kiha54_srt/kiha54_srt_blue.obj",
"model_properties":"mtr:kiha54_srt/kiha54_srt.json",
"speed_sound_count": 115,
			"door_sound_base_id": "m_train",
			"speed_sound_base_id": "m_train"
}
}}