{
    "gz_metro_beep": {
		"sounds": [
			{
			    "name": "mtr:gz_metro_beep",
			    "pitch": 1
		    }
	    ]
	},
               "gz_metro_beep1": {
		"sounds": [
			{
			    "name": "mtr:gz_metro_beep1",
			    "pitch": 1
		    }
	    ]
	},
	"gz_metro_line1_classic": {
		"sounds": [
			{
			    "name": "mtr:gz_metro_line1_classic",
			    "pitch": 1
		    }
	    ]
	},
	"gz_metro_apm_platform": {
		"sounds": [
			{
			    "name": "mtr:gz_metro_apm_platform",
			    "pitch": 1
		    }
	    ]
	},
	"beijing_mtr": {
		"sounds": [
			{
			    "name": "mtr:beijing_mtr",
			    "pitch": 1
		    }
	    ]
	},
	"beijing_mtr1": {
		"sounds": [
			{
			    "name": "mtr:beijing_mtr1",
			    "pitch": 1
		    }
	    ]
	},
	"AMTR": {
		"sounds": [
			{
			    "name": "mtr:AMTR",
			    "pitch": 1
		    }
	    ]
	},
    "gz_beep_1": {
        "sounds": [
            {
                "name": "mtr:door_sound/gz_beep_1",
                "pitch": 0.5,
                "volume": 1
            }
        ]
    },
    "gz_beep_2": {
        "sounds": [
            {
                "name": "mtr:door_sound/gz_beep_2",
                "pitch": 0.5,
                "volume": 1
            }
        ]
    },
    "mtr_door": {
        "sounds": [
            {
                "name": "mtr:door_sound/mtr_door_sound",
                "pitch": 0.5,
                "volume": 1
            }
        ]
    },
    "amtr_door": {
        "sounds": [
            {
                "name": "mtr:door_sound/amtr_door_sound",
                "pitch": 0.5,
                "volume": 1
            }
        ]
    },
    "universal_beep1": {
        "sounds": [
            {
                "name": "mtr:door_sound/universal_beep_three",
                "pitch": 0.5,
                "volume": 1
            }
        ]
    },
    "universal_beep2": {
        "sounds": [
            {
                "name": "mtr:door_sound/universal_beep_six",
                "pitch": 0.5,
                "volume": 1
            }
        ]
    },
    "universal_beep3": {
        "sounds": [
            {
                "name": "mtr:door_sound/universal_beep_instance",
                "pitch": 0.5,
                "volume": 1
            }
        ]
    },
    "mtr_door_close1": {
		"sounds": [
			{
			    "name": "mtr:door_sound/mtr_door_close1",
			    "pitch": 1
		    }
	    ]
	},
    "mtr_door_close2": {
		"sounds": [
			{
			    "name": "mtr:door_sound/mtr_door_close2",
			    "pitch": 1
		    }
	    ]
	},
    "mtr_door_open": {
		"sounds": [
			{
			    "name": "mtr:door_sound/mtr_door_open",
			    "pitch": 1
		    }
	    ]
	},
    "shenzhen_line4_door_close": {
		"sounds": [
			{
			    "name": "mtr:door_sound/shenzhen_line4_door_close",
			    "pitch": 1
		    }
	    ]
	},
	"shenzhen_line6_door_close": {
		"sounds": [
			{
			    "name": "mtr:door_sound/sz6_door_close",
			    "pitch": 1
		    }
	    ]
	},
    "shenzhen_line11_door_close": {
		"sounds": [
			{
			    "name": "mtr:door_sound/sz11_door_close",
			    "pitch": 1
		    }
	    ]
	},
    "shenzhen_line16_door_ring": {
		"sounds": [
			{
			    "name": "mtr:door_sound/sz16_door_ring",
			    "pitch": 1
		    }
	    ]
	},
	"crh_announce_classic": {
		"sounds": [
			{
			    "name": "mtr:crh_announce_classic",
			    "pitch": 1
		    }
	    ]
	},
	"crh_train_announce": {
		"sounds": [
			{
			    "name": "mtr:crh_train_announce",
			    "pitch": 1
		    }
	    ]
	},
	"crh_announce_end": {
		"sounds": [
			{
			    "name": "mtr:crh_announce_end",
			    "pitch": 1
		    }
	    ]
	},
	"crh_announce_gz": {
		"sounds": [
			{
			    "name": "mtr:crh_announce_gz",
			    "pitch": 1
		    }
	    ]
	},
	"shh_metro_line2_announce": {
		"sounds": [
			{
			    "name": "mtr:shh_metro_line2_announce",
			    "pitch": 1
		    }
	    ]
	},
	"shh_line2_door_close": {
		"sounds": [
			{
			    "name": "mtr:door_sound/shh_line2_door_close",
			    "pitch": 1
		    }
	    ]
	}
}
