{
	"custom_signs": {
		"entrance_gate_1": {
			"texture_id": "mtr:custom_directory/entrance_gate.png",
			"flip_texture": false,
			"custom_text": "入闸处|Entrance",
			"flip_custom_text": false,
			"small": false
		},
		"entrance_gate_2": {
			"texture_id": "mtr:custom_directory/entrance_gate.png",
			"flip_texture": true,
			"custom_text": "入闸处|Entrance",
			"flip_custom_text": true,
			"small": false
		},
		"entrance_gate": {
			"texture_id": "mtr:custom_directory/entrance_gate.png",
			"flip_texture": false,
			"small": false
		},
		"exit_gate_1": {
			"texture_id": "mtr:custom_directory/exit_gate.png",
			"flip_texture": false,
			"custom_text": "出闸处|Exit",
			"flip_custom_text": false,
			"small": false
		},
		"exit_gate_2": {
			"texture_id": "mtr:custom_directory/exit_gate.png",
			"flip_texture": true,
			"custom_text": "出闸处|Exit",
			"flip_custom_text": true,
			"small": false
		},
		"exit_gate": {
			"texture_id": "mtr:custom_directory/exit_gate.png",
			"flip_texture": false,
			"small": false
		},
		"entrance_station": {
			"texture_id": "mtr:custom_directory/entrance_station.png",
			"flip_texture": false,
			"small": true
		},
		"intercity_transit_1": {
			"texture_id": "mtr:custom_directory/intercity_railway.png",
			"flip_texture": false,
			"custom_text": "城际|Intercity Railway",
			"flip_custom_text": false,
			"small": true
		},
		"intercity_transit_2": {
			"texture_id": "mtr:custom_directory/intercity_railway.png",
			"flip_texture": false,
			"custom_text": "城际|Intercity Railway",
			"flip_custom_text": true,
			"small": true
		},
		"intercity_transit": {
			"texture_id": "mtr:custom_directory/intercity_railway.png",
			"flip_texture": false,
			"small": true
		},
		"railway_1": {
			"texture_id": "mtr:custom_directory/railway.png",
			"flip_texture": false,
			"custom_text": "火车站|Railway Station",
			"flip_custom_text": false,
			"small": true
		},
		"railway_2": {
			"texture_id": "mtr:custom_directory/railway.png",
			"flip_texture": false,
			"custom_text": "火车站|Railway Station",
			"flip_custom_text": true,
			"small": true
		},
		"railway": {
			"texture_id": "mtr:custom_directory/railway.png",
			"flip_texture": false,
			"small": true
		},
		"ticket_check_1": {
			"texture_id": "mtr:custom_directory/ticket_check.png",
			"flip_texture": false,
			"custom_text": "检票口|Ticket Check",
			"flip_custom_text": false,
			"background_color":"111b58",
			"small": true
		},
		"ticket_check_2": {
			"texture_id": "mtr:custom_directory/ticket_check.png",
			"flip_texture": false,
			"custom_text": "检票口|Ticket Check",
			"flip_custom_text": true,
			"background_color":"111b58",
			"small": true
		},
		"ticket_check_3": {
			"texture_id": "mtr:custom_directory/ticket_check.png",
			"flip_texture": false,
			"custom_text": "人工检票通道|Manual Ticket-Checking Channel",
			"flip_custom_text": false,
			"small": true
		},
		"ticket_check_4": {
			"texture_id": "mtr:custom_directory/ticket_check.png",
			"flip_texture": false,
			"custom_text": "人工检票通道|Manual Ticket-Checking Channel",
			"flip_custom_text": true,
			"small": true
		},
		"ticket_check": {
			"texture_id": "mtr:custom_directory/ticket_check.png",
			"flip_texture": false,
			"background_color":"111b58",
			"small": true
		},
		"transfer_1": {
			"texture_id": "mtr:custom_directory/transfer.png",
			"flip_texture": false,
			"custom_text": "便捷换乘|Transfer",
			"flip_custom_text": false,
			"background_color":"111b58",
			"small": true
		},
		"transfer_2": {
			"texture_id": "mtr:custom_directory/transfer.png",
			"flip_texture": false,
			"custom_text": "便捷换乘|Transfer",
			"flip_custom_text": true,
			"background_color":"111b58",
			"small": true
		},
		"auto_ticket_1": {
			"texture_id": "mtr:custom_directory/auto_ticket.png",
			"flip_texture": false,
			"custom_text": "自动售票|Automatic Ticketing",
			"flip_custom_text": false,
			"background_color":"111b58",
			"small": true
		},
		"auto_ticket_2": {
			"texture_id": "mtr:custom_directory/auto_ticket.png",
			"flip_texture": false,
			"custom_text": "自动售票|Automatic Ticketing",
			"flip_custom_text": true,
			"background_color":"111b58",
			"small": true
		},
		"auto_ticket": {
			"texture_id": "mtr:custom_directory/auto_ticket.png",
			"flip_texture": false,
			"background_color":"111b58",
			"small": true
		},
		"ticket_1": {
			"texture_id": "mtr:custom_directory/ticket.png",
			"flip_texture": false,
			"custom_text": "售票处|Ticket Office",
			"flip_custom_text": false,
			"background_color":"111b58",
			"small": true
		},
		"ticket_2": {
			"texture_id": "mtr:custom_directory/ticket.png",
			"flip_texture": false,
			"custom_text": "售票处|Ticket Office",
			"flip_custom_text": true,
			"background_color":"111b58",
			"small": true
		},
		"ticket": {
			"texture_id": "mtr:custom_directory/ticket.png",
			"flip_texture": false,
			"background_color":"111b58",
			"small": true
		},
		"ticket_office_1": {
			"texture_id": "mtr:custom_directory/ticket_office.png",
			"flip_texture": false,
			"custom_text": "售票处|Ticket Office",
			"flip_custom_text": false,
			"background_color":"111b58",
			"small": true
		},
		"ticket_office_2": {
			"texture_id": "mtr:custom_directory/ticket_office.png",
			"flip_texture": false,
			"custom_text": "售票处|Ticket Office",
			"flip_custom_text": true,
			"background_color":"111b58",
			"small": true
		},
		"ticket_office": {
			"texture_id": "mtr:custom_directory/ticket_office.png",
			"flip_texture": false,
			"background_color":"111b58",
			"small": true
		},
		"muyingshi_1": {
			"texture_id": "mtr:custom_directory/muyingshi.png",
			"flip_texture": false,
			"custom_text": "母婴候车室|Waiting Room for Mothers with Babies",
			"flip_custom_text": false,
			"small": true
		},
		"muyingshi_2": {
			"texture_id": "mtr:custom_directory/muyingshi.png",
			"flip_texture": false,
			"custom_text": "母婴候车室|Waiting Room for Mothers with Babies",
			"flip_custom_text": true,
			"small": true
		},
		"muyingshi": {
			"texture_id": "mtr:custom_directory/muyingshi.png",
			"flip_texture": false,
			"small": true
		},
		"drinking_water_1": {
			"texture_id": "mtr:custom_directory/drinking_water.png",
			"flip_texture": false,
			"custom_text": "饮用水|Drinking Water",
			"flip_custom_text": false,
			"small": true
		},
		"drinking_water_2": {
			"texture_id": "mtr:custom_directory/drinking_water.png",
			"flip_texture": false,
			"custom_text": "饮用水|Drinking Water",
			"flip_custom_text": true,
			"small": true
		},
		"drinking_water": {
			"texture_id": "mtr:custom_directory/drinking_water.png",
			"flip_texture": false,
			"small": true
		},
		"entrance_1": {
			"texture_id": "mtr:custom_directory/entrance.png",
			"flip_texture": false,
			"custom_text": "进站口|Entrance",
			"flip_custom_text": false,
			"background_color":"111b58",
			"small": true
		},
		"entrance_2": {
			"texture_id": "mtr:custom_directory/entrance.png",
			"flip_texture": false,
			"custom_text": "进站口|Entrance",
			"flip_custom_text": true,
			"background_color":"111b58",
			"small": true
		},
		"exit_1": {
			"texture_id": "mtr:custom_directory/exit.png",
			"flip_texture": false,
			"custom_text": "出站口|Exit",
			"flip_custom_text": false,
			"background_color":"236355",
			"small": true
		},
		"exit_2": {
			"texture_id": "mtr:custom_directory/exit.png",
			"flip_texture": false,
			"custom_text": "出站口|Exit",
			"flip_custom_text": true,
			"background_color":"236355",
			"small": true
		},
		"service_1": {
			"texture_id": "mtr:custom_directory/service.png",
			"flip_texture": false,
			"custom_text": "综合服务中心|Service Centre",
			"flip_custom_text": false,
			"small": true
		},
		"service_2": {
			"texture_id": "mtr:custom_directory/service.png",
			"flip_texture": false,
			"custom_text": "综合服务中心|Service Centre",
			"flip_custom_text": true,
			"small": true
		},
		"service": {
			"texture_id": "mtr:custom_directory/service.png",
			"flip_texture": false,
			"small": true
		},
		"waiting_room_1": {
			"texture_id": "mtr:custom_directory/waiting_room.png",
			"flip_texture": false,
			"custom_text": "候车室|Waiting Room",
			"flip_custom_text": false,
			"background_color":"111b58",
			"small": true
		},
		"waiting_room_2": {
			"texture_id": "mtr:custom_directory/waiting_room.png",
			"flip_texture": false,
			"custom_text": "候车室|Waiting Room",
			"flip_custom_text": true,
			"background_color":"111b58",
			"small": true
		},
		"waiting_room": {
			"texture_id": "mtr:custom_directory/waiting_room.png",
			"flip_texture": false,
			"background_color":"111b58",
			"small": true
		},
		"taxi_1": {
			"texture_id": "mtr:custom_directory/taxi.png",
			"flip_texture": false,
			"custom_text": "出租车|Taxi",
			"flip_custom_text": false,
			"small": true
		},
		"taxi_2": {
			"texture_id": "mtr:custom_directory/taxi.png",
			"flip_texture": false,
			"custom_text": "出租车|Taxi",
			"flip_custom_text": true,
			"small": true
		},
		"taxi": {
			"texture_id": "mtr:custom_directory/taxi.png",
			"flip_texture": false,
			"small": true
		},
		"bus_1": {
			"texture_id": "mtr:custom_directory/bus.png",
			"flip_texture": false,
			"custom_text": "公共汽车|Bus",
			"flip_custom_text": false,
			"small": true
		},
		"bus_2": {
			"texture_id": "mtr:custom_directory/bus.png",
			"flip_texture": false,
			"custom_text": "公共汽车|Bus",
			"flip_custom_text": true,
			"small": true
		},
		"bus": {
			"texture_id": "mtr:custom_directory/bus.png",
			"flip_texture": false,
			"small": true
		},
		"metro_1": {
			"texture_id": "mtr:custom_directory/metro.png",
			"flip_texture": false,
			"custom_text": "地铁|Metro",
			"flip_custom_text": false,
			"small": true
		},
		"metro_2": {
			"texture_id": "mtr:custom_directory/metro.png",
			"flip_texture": false,
			"custom_text": "地铁|Metro",
			"flip_custom_text": true,
			"small": true
		},
		"metro": {
			"texture_id": "mtr:custom_directory/metro.png",
			"flip_texture": false,
			"small": true
		},
		"no_throughfare": {
			"texture_id": "mtr:custom_directory/no_throughfare.png",
			"flip_texture": false,
			"custom_text": "请勿通过|No Throughfare",
			"flip_custom_text": false,
			"background_color":"236355",
			"small": true
		},
		"business_class_lounge_1": {
			"texture_id": "mtr:custom_directory/business_class_lounge.png",
			"flip_texture": false,
			"custom_text": "商务座候车区|Business Class Lounge",
			"flip_custom_text": false,
			"background_color":"111b58",
			"small": true
		},
		"business_class_lounge_2": {
			"texture_id": "mtr:custom_directory/business_class_lounge.png",
			"flip_texture": false,
			"custom_text": "商务座候车区|Business Class Lounge",
			"flip_custom_text": true,
			"background_color":"111b58",
			"small": true
		},
		"business_class_lounge": {
			"texture_id": "mtr:custom_directory/business_class_lounge.png",
			"flip_texture": false,
			"background_color":"111b58",
			"small": true
		},
		"shopping_1": {
			"texture_id": "mtr:custom_directory/shopping.png",
			"flip_texture": false,
			"custom_text": "商业区|Shopping Area",
			"flip_custom_text": false,
			"small": true
		},
		"shopping_2": {
			"texture_id": "mtr:custom_directory/shopping.png",
			"flip_texture": false,
			"custom_text": "商业区|Shopping Area",
			"flip_custom_text": true,
			"small": true
		},
		"shopping": {
			"texture_id": "mtr:custom_directory/shopping.png",
			"flip_texture": false,
			"small": true
		},
		"smoking_area_1": {
			"texture_id": "mtr:custom_directory/smoking_area.png",
			"flip_texture": false,
			"custom_text": "吸烟区|Smoking Area",
			"flip_custom_text": false,
			"small": true
		},
		"smoking_area_2": {
			"texture_id": "mtr:custom_directory/smoking_area.png",
			"flip_texture": false,
			"custom_text": "吸烟区|Smoking Area",
			"flip_custom_text": true,
			"small": true
		},
		"smoking_area": {
			"texture_id": "mtr:custom_directory/smoking_area.png",
			"flip_texture": false,
			"small": true
		},
		"restaurant_1": {
			"texture_id": "mtr:custom_directory/restaurant.png",
			"flip_texture": false,
			"custom_text": "餐厅|Restaurant",
			"flip_custom_text": false,
			"small": true
		},
		"restaurant_2": {
			"texture_id": "mtr:custom_directory/restaurant.png",
			"flip_texture": false,
			"custom_text": "餐厅|Restaurant",
			"flip_custom_text": true,
			"small": true
		},
		"restaurant": {
			"texture_id": "mtr:custom_directory/restaurant.png",
			"flip_texture": false,
			"small": true
		},
		"security_1": {
			"texture_id": "mtr:custom_directory/security.png",
			"flip_texture": false,
			"custom_text": "公安值班室|Security",
			"flip_custom_text": false,
			"small": true
		},
		"security_2": {
			"texture_id": "mtr:custom_directory/security.png",
			"flip_texture": false,
			"custom_text": "公安值班室|Security",
			"flip_custom_text": true,
			"small": true
		},
		"security": {
			"texture_id": "mtr:custom_directory/security.png",
			"flip_texture": false,
			"small": true
		},
		"baggage_checkin_1": {
			"texture_id": "mtr:custom_directory/baggage_checkin.png",
			"flip_texture": false,
			"custom_text": "行李托运区|Baggage Check-in",
			"flip_custom_text": false,
			"background_color":"111b58",
			"small": true
		},
		"baggage_checkin_2": {
			"texture_id": "mtr:custom_directory/baggage_checkin.png",
			"flip_texture": false,
			"custom_text": "行李托运区|Baggage Check-in",
			"flip_custom_text": true,
			"background_color":"111b58",
			"small": true
		},
		"baggage_checkin": {
			"texture_id": "mtr:custom_directory/baggage_checkin.png",
			"flip_texture": false,
			"background_color":"111b58",
			"small": true
		},
		"parking_area_1": {
			"texture_id": "mtr:custom_directory/parking_area.png",
			"flip_texture": false,
			"custom_text": "停车区|Parking Area",
			"flip_custom_text": false,
			"small": true
		},
		"parking_area_2": {
			"texture_id": "mtr:custom_directory/parking_area.png",
			"flip_texture": false,
			"custom_text": "停车区|Parking Area",
			"flip_custom_text": true,
			"small": true
		},
		"parking_area": {
			"texture_id": "mtr:custom_directory/parking_area.png",
			"flip_texture": false,
			"small": true
		},
		"clinic_1": {
			"texture_id": "mtr:custom_directory/clinic.png",
			"flip_texture": false,
			"custom_text": "医务室|Clinic",
			"flip_custom_text": false,
			"small": true
		},
		"clinic_2": {
			"texture_id": "mtr:custom_directory/clinic.png",
			"flip_texture": false,
			"custom_text": "医务室|Clinic",
			"flip_custom_text": true,
			"small": true
		},
		"clinic": {
			"texture_id": "mtr:custom_directory/clinic.png",
			"flip_texture": false,
			"small": true
		},
		"soft_seat_1": {
			"texture_id": "mtr:custom_directory/soft_seat.png",
			"flip_texture": false,
			"custom_text": "软席候车室|Soft Seat Waiting Room",
			"flip_custom_text": false,
			"background_color":"111b58",
			"small": true
		},
		"soft_seat_2": {
			"texture_id": "mtr:custom_directory/soft_seat.png",
			"flip_texture": false,
			"custom_text": "软席候车室|Soft Seat Waiting Room",
			"flip_custom_text": true,
			"background_color":"111b58",
			"small": true
		},
		"soft_seat": {
			"texture_id": "mtr:custom_directory/soft_seat.png",
			"flip_texture": false,
			"background_color":"111b58",
			"small": true
		},
		"pla_1": {
			"texture_id": "mtr:custom_directory/pla.png",
			"flip_texture": false,
			"custom_text": "重点旅客 军人候车室|Passenger Who Need Care, PLA Waiting Room",
			"flip_custom_text": false,
			"background_color":"111b58",
			"small": true
		},
		"pla_2": {
			"texture_id": "mtr:custom_directory/pla.png",
			"flip_texture": false,
			"custom_text": "重点旅客 军人候车室|Passenger Who Need Care, PLA Waiting Room",
			"flip_custom_text": true,
			"background_color":"111b58",
			"small": true
		},
		"pla": {
			"texture_id": "mtr:custom_directory/pla.png",
			"flip_texture": false,
			"background_color":"111b58",
			"small": true
		},
		"baby_care_1": {
			"texture_id": "mtr:custom_directory/baby_care.png",
			"flip_texture": false,
			"custom_text": "哺乳室|Baby Care",
			"flip_custom_text": false,
			"small": true
		},
		"baby_care_2": {
			"texture_id": "mtr:custom_directory/baby_care.png",
			"flip_texture": false,
			"custom_text": "哺乳室|Baby Care",
			"flip_custom_text": true,
			"small": true
		},
		"baby_care": {
			"texture_id": "mtr:custom_directory/baby_care.png",
			"flip_texture": false,
			"small": true
		},
		"nursery_room_1": {
			"texture_id": "mtr:custom_directory/nursery_room.png",
			"flip_texture": false,
			"custom_text": "母婴室|Nursery Room",
			"flip_custom_text": false,
			"small": true
		},
		"nursery_room_2": {
			"texture_id": "mtr:custom_directory/nursery_room.png",
			"flip_texture": false,
			"custom_text": "母婴室|Nursery Room",
			"flip_custom_text": true,
			"small": true
		},
		"nursery_room": {
			"texture_id": "mtr:custom_directory/nursery_room.png",
			"flip_texture": false,
			"small": true
		}
	}
}
