{"transport_mode":"TRAIN","length":19,"width":2,"door_max":13,"parts":[{"name":"sonjabi","stage":"INTERIOR","mirror":false,"skip_rendering_if_too_far":false,"door_offset":"NONE","render_condition":"ALL","positions":[[0.0,0.0]],"whitelisted_cars":"1,-1","blacklisted_cars":"%1,-1"},{"name":"led","stage":"INTERIOR","mirror":false,"skip_rendering_if_too_far":false,"door_offset":"NONE","render_condition":"ALL","positions":[[0.0,0.0]],"whitelisted_cars":"1,-1","blacklisted_cars":"%1,-1"},{"name":"DT71","stage":"EXTERIOR","mirror":false,"skip_rendering_if_too_far":false,"door_offset":"NONE","render_condition":"ALL","positions":[[0.0,0.0]],"whitelisted_cars":"1,-1","blacklisted_cars":"%1,-1"},{"name":"air","stage":"EXTERIOR","mirror":false,"skip_rendering_if_too_far":false,"door_offset":"NONE","render_condition":"ALL","positions":[[0.0,0.0]],"whitelisted_cars":"1,-1","blacklisted_cars":"%1,-1"},{"name":"backin","stage":"INTERIOR","mirror":false,"skip_rendering_if_too_far":false,"door_offset":"NONE","render_condition":"ALL","positions":[[0.0,0.0]],"whitelisted_cars":"1,-1","blacklisted_cars":"%1,-1"},{"name":"inside","stage":"INTERIOR","mirror":false,"skip_rendering_if_too_far":false,"door_offset":"NONE","render_condition":"ALL","positions":[[0.0,0.0]],"whitelisted_cars":"1,-1","blacklisted_cars":"%1,-1"},{"name":"panbase","stage":"EXTERIOR","mirror":false,"skip_rendering_if_too_far":false,"door_offset":"NONE","render_condition":"ALL","positions":[[0.0,0.0]],"whitelisted_cars":"1,-1","blacklisted_cars":"%1,-1"},{"name":"pan_down_body","stage":"EXTERIOR","mirror":false,"skip_rendering_if_too_far":false,"door_offset":"NONE","render_condition":"ALL","positions":[[0.0,0.0]],"whitelisted_cars":"1,-1","blacklisted_cars":"%1,-1"},{"name":"mak","stage":"EXTERIOR","mirror":false,"skip_rendering_if_too_far":false,"door_offset":"NONE","render_condition":"ALL","positions":[[0.0,0.0]],"whitelisted_cars":"1,-1","blacklisted_cars":"%1,-1"},{"name":"floor","stage":"INTERIOR","mirror":false,"skip_rendering_if_too_far":false,"door_offset":"NONE","render_condition":"ALL","positions":[[0.0,0.0]],"whitelisted_cars":"1,-1","blacklisted_cars":"%1,-1"},{"name":"cheonjang","stage":"INTERIOR","mirror":false,"skip_rendering_if_too_far":false,"door_offset":"NONE","render_condition":"ALL","positions":[[0.0,0.0]],"whitelisted_cars":"1,-1","blacklisted_cars":"%1,-1"},{"name":"side","stage":"EXTERIOR","mirror":false,"skip_rendering_if_too_far":false,"door_offset":"NONE","render_condition":"ALL","positions":[[0.0,0.0]],"whitelisted_cars":"1,-1","blacklisted_cars":"%1,-1"},{"name":"jibungbid","stage":"EXTERIOR","mirror":false,"skip_rendering_if_too_far":false,"door_offset":"NONE","render_condition":"ALL","positions":[[0.0,0.0]],"whitelisted_cars":"1,-1","blacklisted_cars":"%1,-1"},{"name":"seat","stage":"INTERIOR","mirror":false,"skip_rendering_if_too_far":false,"door_offset":"NONE","render_condition":"ALL","positions":[[0.0,0.0]],"whitelisted_cars":"1,-1","blacklisted_cars":"%1,-1"},{"name":"pan_down_top","stage":"EXTERIOR","mirror":false,"skip_rendering_if_too_far":false,"door_offset":"NONE","render_condition":"ALL","positions":[[0.0,0.0]],"whitelisted_cars":"1,-1","blacklisted_cars":"%1,-1"},{"name":"wiper","stage":"EXTERIOR","mirror":false,"skip_rendering_if_too_far":false,"door_offset":"NONE","render_condition":"ALL","positions":[[0.0,0.0]],"whitelisted_cars":"1,-1","blacklisted_cars":"%1,-1"},{"name":"light","stage":"LIGHTS","mirror":false,"skip_rendering_if_too_far":false,"door_offset":"NONE","render_condition":"ALL","positions":[[0.0,0.0]],"whitelisted_cars":"1,-1","blacklisted_cars":"%1,-1"},{"name":"doorinfo","stage":"INTERIOR_TRANSLUCENT","mirror":false,"skip_rendering_if_too_far":false,"door_offset":"NONE","render_condition":"ALL","positions":[[0.0,0.0]],"whitelisted_cars":"1,-1","blacklisted_cars":"%1,-1"},{"name":"front","stage":"EXTERIOR","mirror":false,"skip_rendering_if_too_far":false,"door_offset":"NONE","render_condition":"ALL","positions":[[0.0,0.0]],"whitelisted_cars":"1,-1","blacklisted_cars":"%1,-1"},{"name":"under","stage":"EXTERIOR","mirror":false,"skip_rendering_if_too_far":false,"door_offset":"NONE","render_condition":"ALL","positions":[[0.0,0.0]],"whitelisted_cars":"1,-1","blacklisted_cars":"%1,-1"},{"name":"habu","stage":"EXTERIOR","mirror":false,"skip_rendering_if_too_far":false,"door_offset":"NONE","render_condition":"ALL","positions":[[0.0,0.0]],"whitelisted_cars":"1,-1","blacklisted_cars":"%1,-1"},{"name":"base","stage":"EXTERIOR","mirror":false,"skip_rendering_if_too_far":false,"door_offset":"NONE","render_condition":"ALL","positions":[[0.0,0.0]],"whitelisted_cars":"1,-1","blacklisted_cars":"%1,-1"},{"name":"door_LF","stage":"EXTERIOR","mirror":false,"skip_rendering_if_too_far":false,"door_offset":"LEFT_POSITIVE","render_condition":"ALL","positions":[[0.0,0.0]],"whitelisted_cars":"1,-1","blacklisted_cars":"%1,-1"},{"name":"door_LB","stage":"EXTERIOR","mirror":false,"skip_rendering_if_too_far":false,"door_offset":"LEFT_NEGATIVE","render_condition":"ALL","positions":[[0.0,0.0]],"whitelisted_cars":"1,-1","blacklisted_cars":"%1,-1"},{"name":"door_RF","stage":"EXTERIOR","mirror":false,"skip_rendering_if_too_far":false,"door_offset":"RIGHT_POSITIVE","render_condition":"ALL","positions":[[0.0,0.0]],"whitelisted_cars":"1,-1","blacklisted_cars":"%1,-1"},{"name":"door_RB","stage":"EXTERIOR","mirror":false,"skip_rendering_if_too_far":false,"door_offset":"RIGHT_NEGATIVE","render_condition":"ALL","positions":[[0.0,0.0]],"whitelisted_cars":"1,-1","blacklisted_cars":"%1,-1"},{"name":"door_LF_in","stage":"INTERIOR","mirror":false,"skip_rendering_if_too_far":false,"door_offset":"LEFT_POSITIVE","render_condition":"ALL","positions":[[0.0,0.0]],"whitelisted_cars":"1,-1","blacklisted_cars":"%1,-1"},{"name":"door_LB_in","stage":"INTERIOR","mirror":false,"skip_rendering_if_too_far":false,"door_offset":"LEFT_NEGATIVE","render_condition":"ALL","positions":[[0.0,0.0]],"whitelisted_cars":"1,-1","blacklisted_cars":"%1,-1"},{"name":"door_RF_in","stage":"INTERIOR","mirror":false,"skip_rendering_if_too_far":false,"door_offset":"RIGHT_POSITIVE","render_condition":"ALL","positions":[[0.0,0.0]],"whitelisted_cars":"1,-1","blacklisted_cars":"%1,-1"},{"name":"door_RB_in","stage":"INTERIOR","mirror":false,"skip_rendering_if_too_far":false,"door_offset":"RIGHT_NEGATIVE","render_condition":"ALL","positions":[[0.0,0.0]],"whitelisted_cars":"1,-1","blacklisted_cars":"%1,-1"},
{"name":"m_under","stage":"EXTERIOR","mirror":false,"skip_rendering_if_too_far":false,"door_offset":"NONE","render_condition":"ALL","positions":[[0.0,0.0]],"whitelisted_cars":"%1,-1","blacklisted_cars":"1,-1"},{"name":"m_seat","stage":"INTERIOR","mirror":false,"skip_rendering_if_too_far":false,"door_offset":"NONE","render_condition":"ALL","positions":[[0.0,0.0]],"whitelisted_cars":"%1,-1","blacklisted_cars":"1,-1"},{"name":"m_DT71","stage":"EXTERIOR","mirror":false,"skip_rendering_if_too_far":false,"door_offset":"NONE","render_condition":"ALL","positions":[[0.0,0.0]],"whitelisted_cars":"%1,-1","blacklisted_cars":"1,-1"},{"name":"m_floor","stage":"INTERIOR","mirror":false,"skip_rendering_if_too_far":false,"door_offset":"NONE","render_condition":"ALL","positions":[[0.0,0.0]],"whitelisted_cars":"%1,-1","blacklisted_cars":"1,-1"},{"name":"m_mak","stage":"EXTERIOR","mirror":false,"skip_rendering_if_too_far":false,"door_offset":"NONE","render_condition":"ALL","positions":[[0.0,0.0]],"whitelisted_cars":"%1,-1","blacklisted_cars":"1,-1"},{"name":"m_base","stage":"EXTERIOR","mirror":false,"skip_rendering_if_too_far":false,"door_offset":"NONE","render_condition":"ALL","positions":[[0.0,0.0]],"whitelisted_cars":"%1,-1","blacklisted_cars":"1,-1"},{"name":"m_cheonjang","stage":"INTERIOR","mirror":false,"skip_rendering_if_too_far":false,"door_offset":"NONE","render_condition":"ALL","positions":[[0.0,0.0]],"whitelisted_cars":"%1,-1","blacklisted_cars":"1,-1"},{"name":"m_backin","stage":"INTERIOR","mirror":false,"skip_rendering_if_too_far":false,"door_offset":"NONE","render_condition":"ALL","positions":[[0.0,0.0]],"whitelisted_cars":"%1,-1","blacklisted_cars":"1,-1"},{"name":"m_inside","stage":"INTERIOR","mirror":false,"skip_rendering_if_too_far":false,"door_offset":"NONE","render_condition":"ALL","positions":[[0.0,0.0]],"whitelisted_cars":"%1,-1","blacklisted_cars":"1,-1"},{"name":"m_air","stage":"EXTERIOR","mirror":false,"skip_rendering_if_too_far":false,"door_offset":"NONE","render_condition":"ALL","positions":[[0.0,0.0]],"whitelisted_cars":"%1,-1","blacklisted_cars":"1,-1"},{"name":"m_habu","stage":"EXTERIOR","mirror":false,"skip_rendering_if_too_far":false,"door_offset":"NONE","render_condition":"ALL","positions":[[0.0,0.0]],"whitelisted_cars":"%1,-1","blacklisted_cars":"1,-1"},{"name":"m_led","stage":"INTERIOR","mirror":false,"skip_rendering_if_too_far":false,"door_offset":"NONE","render_condition":"ALL","positions":[[0.0,0.0]],"whitelisted_cars":"%1,-1","blacklisted_cars":"1,-1"},{"name":"m_sonjabi","stage":"INTERIOR","mirror":false,"skip_rendering_if_too_far":false,"door_offset":"NONE","render_condition":"ALL","positions":[[0.0,0.0]],"whitelisted_cars":"%1,-1","blacklisted_cars":"1,-1"},{"name":"m_side","stage":"EXTERIOR","mirror":false,"skip_rendering_if_too_far":false,"door_offset":"NONE","render_condition":"ALL","positions":[[0.0,0.0]],"whitelisted_cars":"%1,-1","blacklisted_cars":"1,-1"},{"name":"m_jibungbid","stage":"EXTERIOR","mirror":false,"skip_rendering_if_too_far":false,"door_offset":"NONE","render_condition":"ALL","positions":[[0.0,0.0]],"whitelisted_cars":"%1,-1","blacklisted_cars":"1,-1"},{"name":"m_doorinfo","stage":"INTERIOR_TRANSLUCENT","mirror":false,"skip_rendering_if_too_far":false,"door_offset":"NONE","render_condition":"ALL","positions":[[0.0,0.0]],"whitelisted_cars":"%1,-1","blacklisted_cars":"1,-1"},{"name":"m_door_LF","stage":"EXTERIOR","mirror":false,"skip_rendering_if_too_far":false,"door_offset":"LEFT_POSITIVE","render_condition":"ALL","positions":[[0.0,0.0]],"whitelisted_cars":"%1,-1","blacklisted_cars":"1,-1"},{"name":"m_door_LB","stage":"EXTERIOR","mirror":false,"skip_rendering_if_too_far":false,"door_offset":"LEFT_NEGATIVE","render_condition":"ALL","positions":[[0.0,0.0]],"whitelisted_cars":"%1,-1","blacklisted_cars":"1,-1"},{"name":"m_door_RF","stage":"EXTERIOR","mirror":false,"skip_rendering_if_too_far":false,"door_offset":"RIGHT_POSITIVE","render_condition":"ALL","positions":[[0.0,0.0]],"whitelisted_cars":"%1,-1","blacklisted_cars":"1,-1"},{"name":"m_door_RB","stage":"EXTERIOR","mirror":false,"skip_rendering_if_too_far":false,"door_offset":"RIGHT_NEGATIVE","render_condition":"ALL","positions":[[0.0,0.0]],"whitelisted_cars":"%1,-1","blacklisted_cars":"1,-1"},{"name":"m_door_LF_in","stage":"INTERIOR","mirror":false,"skip_rendering_if_too_far":false,"door_offset":"LEFT_POSITIVE","render_condition":"ALL","positions":[[0.0,0.0]],"whitelisted_cars":"%1,-1","blacklisted_cars":"1,-1"},{"name":"m_door_LB_in","stage":"INTERIOR","mirror":false,"skip_rendering_if_too_far":false,"door_offset":"LEFT_NEGATIVE","render_condition":"ALL","positions":[[0.0,0.0]],"whitelisted_cars":"%1,-1","blacklisted_cars":"1,-1"},{"name":"m_door_RF_in","stage":"INTERIOR","mirror":false,"skip_rendering_if_too_far":false,"door_offset":"RIGHT_POSITIVE","render_condition":"ALL","positions":[[0.0,0.0]],"whitelisted_cars":"%1,-1","blacklisted_cars":"1,-1"},{"name":"m_door_RB_in","stage":"INTERIOR","mirror":false,"skip_rendering_if_too_far":false,"door_offset":"RIGHT_NEGATIVE","render_condition":"ALL","positions":[[0.0,0.0]],"whitelisted_cars":"%1,-1","blacklisted_cars":"1,-1"}]}